run_name,timestamp,dataset_name,ocr_module,episode_id,goal,episode_success_rate,episode_step_accuracy,episode_total_steps,episode_steps_completed,episode_overall_success_rate,step_number,step_action_match,step_action_type_match,step_evaluation_score,step_task_completed,step_coordinate_distance,step_text_match,model_action_type,model_coordinates_y,model_coordinates_x,model_lift_coordinates_y,model_lift_coordinates_x,model_text,gt_action_type,gt_coordinates_y,gt_coordinates_x,gt_lift_coordinates_y,gt_lift_coordinates_x,gt_text,coordinate_error,action_type_category,performance_category,has_coordinate_data,has_text_data,max_steps_per_episode,start_episode,end_episode
standard-prompt,2025-07-20T13:09:08.578363,general,False,18071212243381067188,Check the settings for the Spotify app,0.000000,0.000000,1,0,0.000000,0,False,False,0.000000,False,,,4,0.900000,0.500000,0.400000,0.500000,,10,,,,,,,other,poor,False,False,10,0,10
standard-prompt,2025-07-20T13:09:08.578443,general,False,5508780451403221936,Show me my notifications,0.000000,0.000000,1,0,0.000000,0,False,False,0.000000,True,0.867047,,10,0.000000,0.000000,0.000000,0.000000,,4,0.334609,0.799880,0.953667,0.623936,,0.867047,status,poor,True,False,10,0,10
standard-prompt,2025-07-20T13:09:08.578471,general,False,9027843537045096280,Open a new Chrome window,50.000000,50.000000,2,1,50.000000,0,True,True,1.000000,False,0.016763,,4,0.780000,0.670000,0.780000,0.670000,,4,0.764928,0.677336,0.764928,0.677336,,0.016763,other,excellent,True,False,10,0,10
standard-prompt,2025-07-20T13:09:08.578471,general,False,9027843537045096280,Open a new Chrome window,50.000000,50.000000,2,1,50.000000,1,False,False,0.000000,False,,,4,0.055000,0.900000,0.055000,0.900000,,10,,,,,,,other,poor,False,False,10,0,10
standard-prompt,2025-07-20T13:09:08.578507,general,False,13044005802227831906,Search for the best pizza restaurants on Maps,0.000000,0.000000,3,0,0.000000,0,False,True,0.000000,False,0.188509,,4,0.320000,0.100000,0.320000,0.100000,,4,0.465453,0.219913,0.465453,0.219913,,0.188509,other,poor,True,False,10,0,10
standard-prompt,2025-07-20T13:09:08.578507,general,False,13044005802227831906,Search for the best pizza restaurants on Maps,0.000000,0.000000,3,0,0.000000,1,False,True,0.000000,False,0.509690,,4,0.120000,0.500000,0.120000,0.500000,,4,0.391761,0.931196,0.391761,0.931196,,0.509690,other,poor,True,False,10,0,10
standard-prompt,2025-07-20T13:09:08.578507,general,False,13044005802227831906,Search for the best pizza restaurants on Maps,0.000000,0.000000,3,0,0.000000,2,False,False,0.000000,False,,,3,0.000000,0.000000,0.000000,0.000000,best pizza restaurants,10,,,,,,,other,poor,False,False,10,0,10
standard-prompt,2025-07-20T13:09:08.578552,general,False,10270443145766995391,What time is it in Berlin?,0.000000,0.000000,3,0,0.000000,0,False,False,0.000000,False,,,4,0.083333,0.498246,0.083333,0.498246,,3,,,,,,,other,poor,False,False,10,0,10
standard-prompt,2025-07-20T13:09:08.578552,general,False,10270443145766995391,What time is it in Berlin?,0.000000,0.000000,3,0,0.000000,1,False,False,0.000000,False,,,5,0.000000,0.000000,0.000000,0.000000,,3,,,,,,,type,poor,False,False,10,0,10
standard-prompt,2025-07-20T13:09:08.578552,general,False,10270443145766995391,What time is it in Berlin?,0.000000,0.000000,3,0,0.000000,2,False,False,0.000000,True,0.690783,,10,0.000000,0.000000,0.000000,0.000000,,4,0.147178,0.674922,0.147178,0.674922,,0.690783,status,poor,True,False,10,0,10
standard-prompt,2025-07-20T13:09:08.578595,general,False,2247237893045084693,Open the calendar and show me this week's events?,0.000000,50.000000,4,2,0.000000,0,False,True,0.000000,False,0.326279,,4,0.079630,0.389815,0.079630,0.389815,,4,0.169962,0.703340,0.169962,0.703340,,0.326279,other,poor,True,False,10,0,10
standard-prompt,2025-07-20T13:09:08.578595,general,False,2247237893045084693,Open the calendar and show me this week's events?,0.000000,50.000000,4,2,0.000000,1,True,True,1.000000,False,0.040220,,4,0.931481,0.895370,0.931481,0.895370,,4,0.904612,0.925298,0.904612,0.925298,,0.040220,other,excellent,True,False,10,0,10
standard-prompt,2025-07-20T13:09:08.578595,general,False,2247237893045084693,Open the calendar and show me this week's events?,0.000000,50.000000,4,2,0.000000,2,True,True,1.000000,False,0.100140,,4,0.800000,0.500000,0.800000,0.500000,,4,0.880077,0.560130,0.880077,0.560130,,0.100140,other,excellent,True,False,10,0,10
standard-prompt,2025-07-20T13:09:08.578595,general,False,2247237893045084693,Open the calendar and show me this week's events?,0.000000,50.000000,4,2,0.000000,3,False,False,0.000000,False,,,4,0.205600,0.058300,0.205600,0.058300,,10,,,,,,,other,poor,False,False,10,0,10
standard-prompt,2025-07-20T13:09:08.578657,general,False,12224608131504749719,How much does a 2x4x8 board cost at Lowes?,0.000000,0.000000,5,0,0.000000,0,False,False,0.000000,False,,,4,0.462963,0.390741,0.462963,0.390741,,6,,,,,,,other,poor,False,False,10,0,10
standard-prompt,2025-07-20T13:09:08.578657,general,False,12224608131504749719,How much does a 2x4x8 board cost at Lowes?,0.000000,0.000000,5,0,0.000000,1,False,True,0.000000,False,0.040667,,4,0.900000,0.500000,0.300000,0.500000,,4,0.879680,0.535226,0.879680,0.535226,,0.040667,other,poor,True,False,10,0,10
standard-prompt,2025-07-20T13:09:08.578657,general,False,12224608131504749719,How much does a 2x4x8 board cost at Lowes?,0.000000,0.000000,5,0,0.000000,2,False,False,0.000000,False,,,5,0.000000,0.000000,0.000000,0.000000,,3,,,,,,,type,poor,False,False,10,0,10
standard-prompt,2025-07-20T13:09:08.578657,general,False,12224608131504749719,How much does a 2x4x8 board cost at Lowes?,0.000000,0.000000,5,0,0.000000,3,False,False,0.000000,False,0.543988,,3,0.000000,0.000000,0.000000,0.000000,"
",4,0.119544,0.530690,0.119544,0.530690,,0.543988,other,poor,True,False,10,0,10
standard-prompt,2025-07-20T13:09:08.578657,general,False,12224608131504749719,How much does a 2x4x8 board cost at Lowes?,0.000000,0.000000,5,0,0.000000,4,False,False,0.000000,False,,,4,0.150000,0.500000,0.150000,0.500000,,10,,,,,,,other,poor,False,False,10,0,10
standard-prompt,2025-07-20T13:09:08.578722,general,False,1307957808436696980,Google the capital of Mexico,0.000000,50.000000,6,3,0.000000,0,False,True,0.000000,False,0.111997,,4,0.880000,0.500000,0.880000,0.500000,,4,0.845657,0.393399,0.088335,0.575110,,0.111997,other,poor,True,False,10,0,10
standard-prompt,2025-07-20T13:09:08.578722,general,False,1307957808436696980,Google the capital of Mexico,0.000000,50.000000,6,3,0.000000,1,False,False,0.000000,False,,,3,0.000000,0.000000,0.000000,0.000000,capital of Mexico,6,,,,,,,other,poor,False,False,10,0,10
standard-prompt,2025-07-20T13:09:08.578722,general,False,1307957808436696980,Google the capital of Mexico,0.000000,50.000000,6,3,0.000000,2,True,True,1.000000,False,0.094239,,4,0.900000,0.500000,0.900000,0.500000,,4,0.902275,0.594211,0.902275,0.594211,,0.094239,other,excellent,True,False,10,0,10
standard-prompt,2025-07-20T13:09:08.578722,general,False,1307957808436696980,Google the capital of Mexico,0.000000,50.000000,6,3,0.000000,3,True,True,1.000000,False,,,3,0.000000,0.000000,0.000000,0.000000,"
",3,,,,,,,other,excellent,False,False,10,0,10
standard-prompt,2025-07-20T13:09:08.578722,general,False,1307957808436696980,Google the capital of Mexico,0.000000,50.000000,6,3,0.000000,4,False,False,0.000000,False,0.359651,,5,0.000000,0.000000,0.000000,0.000000,,4,0.106415,0.343548,0.106415,0.343548,,0.359651,type,poor,True,False,10,0,10
standard-prompt,2025-07-20T13:09:08.578722,general,False,1307957808436696980,Google the capital of Mexico,0.000000,50.000000,6,3,0.000000,5,True,True,1.000000,True,,,10,0.000000,0.000000,0.000000,0.000000,,10,,,,,,,status,excellent,False,False,10,0,10
standard-prompt,2025-07-20T13:09:08.578800,general,False,12172380859428428757,Open a new Chrome private window,11.111111,44.444444,9,4,11.111111,0,True,True,1.000000,False,0.136677,,4,0.856000,0.598000,0.856000,0.598000,,4,0.776147,0.708923,0.776147,0.708923,,0.136677,other,excellent,True,False,10,0,10
standard-prompt,2025-07-20T13:09:08.578800,general,False,12172380859428428757,Open a new Chrome private window,11.111111,44.444444,9,4,11.111111,1,False,True,0.000000,False,0.374413,,4,0.500000,0.719000,0.500000,0.719000,,4,0.719099,0.415388,0.719099,0.415388,,0.374413,other,poor,True,False,10,0,10
standard-prompt,2025-07-20T13:09:08.578800,general,False,12172380859428428757,Open a new Chrome private window,11.111111,44.444444,9,4,11.111111,2,False,True,0.000000,False,0.505471,,4,0.800000,0.280000,0.800000,0.280000,,4,0.718377,0.778837,0.718377,0.778837,,0.505471,other,poor,True,False,10,0,10
standard-prompt,2025-07-20T13:09:08.578800,general,False,12172380859428428757,Open a new Chrome private window,11.111111,44.444444,9,4,11.111111,3,True,True,1.000000,False,0.063264,,4,0.070000,0.930000,0.070000,0.930000,,4,0.059769,0.867568,0.059769,0.867568,,0.063264,other,excellent,True,False,10,0,10
standard-prompt,2025-07-20T13:09:08.578800,general,False,12172380859428428757,Open a new Chrome private window,11.111111,44.444444,9,4,11.111111,4,False,True,0.000000,False,0.773384,,4,0.170000,0.850000,0.170000,0.850000,,4,0.072779,0.082751,0.072779,0.082751,,0.773384,other,poor,True,False,10,0,10
standard-prompt,2025-07-20T13:09:08.578800,general,False,12172380859428428757,Open a new Chrome private window,11.111111,44.444444,9,4,11.111111,5,True,True,1.000000,False,0.104950,,4,0.120000,0.950000,0.120000,0.950000,,4,0.057916,0.865382,0.057916,0.865382,,0.104950,other,excellent,True,False,10,0,10
standard-prompt,2025-07-20T13:09:08.578800,general,False,12172380859428428757,Open a new Chrome private window,11.111111,44.444444,9,4,11.111111,6,False,False,0.000000,False,0.954342,,5,0.000000,0.000000,0.000000,0.000000,,4,0.059875,0.952462,0.059875,0.952462,,0.954342,type,poor,True,False,10,0,10
standard-prompt,2025-07-20T13:09:08.578800,general,False,12172380859428428757,Open a new Chrome private window,11.111111,44.444444,9,4,11.111111,7,False,True,0.000000,False,0.730658,,4,0.561110,0.104630,0.561110,0.104630,,4,0.117766,0.685412,0.117766,0.685412,,0.730658,other,poor,True,False,10,0,10
standard-prompt,2025-07-20T13:09:08.578800,general,False,12172380859428428757,Open a new Chrome private window,11.111111,44.444444,9,4,11.111111,8,True,True,1.000000,True,,,10,0.000000,0.000000,0.000000,0.000000,,10,,,,,,,status,excellent,False,False,10,0,10
standard-prompt,2025-07-20T13:09:08.578913,general,False,5872799162502563284,Play the latest video from the Wall Street Journal,0.000000,20.000000,10,2,0.000000,0,False,True,0.000000,False,0.534148,,4,0.120000,0.850000,0.120000,0.850000,,4,0.077222,0.317568,0.077222,0.317568,,0.534148,other,poor,True,False,10,0,10
standard-prompt,2025-07-20T13:09:08.578913,general,False,5872799162502563284,Play the latest video from the Wall Street Journal,0.000000,20.000000,10,2,0.000000,1,False,False,0.000000,False,,,5,0.000000,0.000000,0.000000,0.000000,,6,,,,,,,type,poor,False,False,10,0,10
standard-prompt,2025-07-20T13:09:08.578913,general,False,5872799162502563284,Play the latest video from the Wall Street Journal,0.000000,20.000000,10,2,0.000000,2,True,True,1.000000,False,0.123349,,4,0.750000,0.500000,0.750000,0.500000,,4,0.871935,0.518623,0.871935,0.518623,,0.123349,other,excellent,True,False,10,0,10
standard-prompt,2025-07-20T13:09:08.578913,general,False,5872799162502563284,Play the latest video from the Wall Street Journal,0.000000,20.000000,10,2,0.000000,3,False,False,0.000000,False,,,5,0.000000,0.000000,0.000000,0.000000,,3,,,,,,,type,poor,False,False,10,0,10
standard-prompt,2025-07-20T13:09:08.578913,general,False,5872799162502563284,Play the latest video from the Wall Street Journal,0.000000,20.000000,10,2,0.000000,4,False,False,0.000000,False,,,5,0.000000,0.000000,0.000000,0.000000,,3,,,,,,,type,poor,False,False,10,0,10
standard-prompt,2025-07-20T13:09:08.578913,general,False,5872799162502563284,Play the latest video from the Wall Street Journal,0.000000,20.000000,10,2,0.000000,5,False,False,0.000000,False,,,6,0.000000,0.000000,0.000000,0.000000,,7,,,,,,,navigation,poor,False,False,10,0,10
standard-prompt,2025-07-20T13:09:08.578913,general,False,5872799162502563284,Play the latest video from the Wall Street Journal,0.000000,20.000000,10,2,0.000000,6,True,True,1.000000,False,0.112729,,4,0.218519,0.568421,0.218519,0.568421,,4,0.327102,0.538133,0.327102,0.538133,,0.112729,other,excellent,True,False,10,0,10
standard-prompt,2025-07-20T13:09:08.578913,general,False,5872799162502563284,Play the latest video from the Wall Street Journal,0.000000,20.000000,10,2,0.000000,7,False,True,0.000000,False,0.683181,,4,0.277778,0.117544,0.277778,0.117544,,4,0.826194,0.524945,0.361253,0.552310,,0.683181,other,poor,True,False,10,0,10
standard-prompt,2025-07-20T13:09:08.578913,general,False,5872799162502563284,Play the latest video from the Wall Street Journal,0.000000,20.000000,10,2,0.000000,8,False,True,0.000000,False,0.311679,,4,0.350000,0.500000,0.350000,0.500000,,4,0.654642,0.565859,0.390902,0.585506,,0.311679,other,poor,True,False,10,0,10
standard-prompt,2025-07-20T13:09:08.578913,general,False,5872799162502563284,Play the latest video from the Wall Street Journal,0.000000,20.000000,10,2,0.000000,9,False,False,0.000000,False,0.763896,,5,0.000000,0.000000,0.000000,0.000000,,4,0.428552,0.632361,0.332678,0.646195,,0.763896,type,poor,True,False,10,0,10
standard-prompt,2025-07-20T13:09:08.579034,google_apps,False,14770340038214612994,turn off data saver in the chrome app,0.000000,50.000000,6,3,0.000000,0,False,True,0.000000,False,0.285023,,4,0.780000,0.600000,0.780000,0.600000,,4,0.746685,0.883070,0.140589,0.867676,,0.285023,other,poor,True,False,10,0,10
standard-prompt,2025-07-20T13:09:08.579034,google_apps,False,14770340038214612994,turn off data saver in the chrome app,0.000000,50.000000,6,3,0.000000,1,True,True,1.000000,False,0.048252,,4,0.563107,0.640710,0.563107,0.640710,,4,0.590253,0.680602,0.590253,0.680602,,0.048252,other,excellent,True,False,10,0,10
standard-prompt,2025-07-20T13:09:08.579034,google_apps,False,14770340038214612994,turn off data saver in the chrome app,0.000000,50.000000,6,3,0.000000,2,False,True,0.000000,False,0.049101,,4,0.120000,0.950000,0.120000,0.950000,,4,0.091421,0.910073,0.737643,0.504063,,0.049101,other,poor,True,False,10,0,10
standard-prompt,2025-07-20T13:09:08.579034,google_apps,False,14770340038214612994,turn off data saver in the chrome app,0.000000,50.000000,6,3,0.000000,3,True,True,1.000000,False,0.088264,,4,0.800000,0.500000,0.300000,0.500000,,4,0.880552,0.536082,0.430042,0.607298,,0.088264,other,excellent,True,False,10,0,10
standard-prompt,2025-07-20T13:09:08.579034,google_apps,False,14770340038214612994,turn off data saver in the chrome app,0.000000,50.000000,6,3,0.000000,4,False,True,0.000000,False,0.261857,,4,0.850000,0.500000,0.850000,0.500000,,4,0.879044,0.239759,0.879044,0.239759,,0.261857,other,poor,True,False,10,0,10
standard-prompt,2025-07-20T13:09:08.579034,google_apps,False,14770340038214612994,turn off data saver in the chrome app,0.000000,50.000000,6,3,0.000000,5,True,True,1.000000,True,,,10,0.000000,0.000000,0.000000,0.000000,,10,,,,,,,status,excellent,False,False,10,0,10
standard-prompt,2025-07-20T13:09:08.579155,google_apps,False,2729424677228029046,Do I have any events this weekend?,66.666667,66.666667,6,4,66.666667,0,True,True,1.000000,False,0.445384,,4,0.900000,0.500000,0.300000,0.500000,,4,0.833142,0.940337,0.185647,0.778726,,0.445384,other,excellent,True,False,10,0,10
standard-prompt,2025-07-20T13:09:08.579155,google_apps,False,2729424677228029046,Do I have any events this weekend?,66.666667,66.666667,6,4,66.666667,1,True,True,1.000000,False,0.129610,,4,0.570000,0.250000,0.570000,0.250000,,4,0.574440,0.120466,0.573096,0.120466,,0.129610,other,excellent,True,False,10,0,10
standard-prompt,2025-07-20T13:09:08.579155,google_apps,False,2729424677228029046,Do I have any events this weekend?,66.666667,66.666667,6,4,66.666667,2,True,True,1.000000,False,0.077339,,4,0.885922,0.842896,0.885922,0.842896,,4,0.865484,0.917486,0.865484,0.917486,,0.077339,other,excellent,True,False,10,0,10
standard-prompt,2025-07-20T13:09:08.579155,google_apps,False,2729424677228029046,Do I have any events this weekend?,66.666667,66.666667,6,4,66.666667,3,True,True,1.000000,False,0.075640,,4,0.885922,0.842896,0.885922,0.842896,,4,0.856856,0.912729,0.858178,0.910374,,0.075640,other,excellent,True,False,10,0,10
standard-prompt,2025-07-20T13:09:08.579155,google_apps,False,2729424677228029046,Do I have any events this weekend?,66.666667,66.666667,6,4,66.666667,4,False,True,0.000000,False,0.419437,,4,0.451456,0.801913,0.451456,0.801913,,4,0.795238,0.561618,0.797845,0.554669,,0.419437,other,poor,True,False,10,0,10
standard-prompt,2025-07-20T13:09:08.579155,google_apps,False,2729424677228029046,Do I have any events this weekend?,66.666667,66.666667,6,4,66.666667,5,False,False,0.000000,False,,,4,0.201460,0.091530,0.201460,0.091530,,10,,,,,,,other,poor,False,False,10,0,10
standard-prompt,2025-07-20T13:09:08.579238,google_apps,False,1022472969212250087,open a bookmark in the chrome app,12.500000,71.428571,7,5,12.500000,0,True,True,1.000000,False,0.071170,,4,0.700000,0.500000,0.700000,0.500000,,4,0.760617,0.537293,0.760617,0.539675,,0.071170,other,excellent,True,False,10,0,10
standard-prompt,2025-07-20T13:09:08.579238,google_apps,False,1022472969212250087,open a bookmark in the chrome app,12.500000,71.428571,7,5,12.500000,1,False,True,0.000000,False,0.600759,,4,0.780000,0.250000,0.780000,0.250000,,4,0.757338,0.850331,0.755945,0.850331,,0.600759,other,poor,True,False,10,0,10
standard-prompt,2025-07-20T13:09:08.579238,google_apps,False,1022472969212250087,open a bookmark in the chrome app,12.500000,71.428571,7,5,12.500000,2,False,True,0.000000,False,0.157504,,4,0.871000,0.742000,0.871000,0.742000,,4,0.751693,0.844827,0.751693,0.844827,,0.157504,other,poor,True,False,10,0,10
standard-prompt,2025-07-20T13:09:08.579238,google_apps,False,1022472969212250087,open a bookmark in the chrome app,12.500000,71.428571,7,5,12.500000,3,True,True,1.000000,False,0.117908,,4,0.825000,0.750000,0.825000,0.750000,,4,0.751693,0.842349,0.748947,0.839870,,0.117908,other,excellent,True,False,10,0,10
standard-prompt,2025-07-20T13:09:08.579238,google_apps,False,1022472969212250087,open a bookmark in the chrome app,12.500000,71.428571,7,5,12.500000,5,True,True,1.000000,False,0.087481,,4,0.200000,0.800000,0.200000,0.800000,,4,0.154564,0.725244,0.154564,0.725244,,0.087481,other,excellent,True,False,10,0,10
standard-prompt,2025-07-20T13:09:08.579238,google_apps,False,1022472969212250087,open a bookmark in the chrome app,12.500000,71.428571,7,5,12.500000,6,True,True,1.000000,False,0.118485,,4,0.157800,0.270500,0.157800,0.270500,,4,0.275894,0.260879,0.275894,0.260879,,0.118485,other,excellent,True,False,10,0,10
standard-prompt,2025-07-20T13:09:08.579238,google_apps,False,1022472969212250087,open a bookmark in the chrome app,12.500000,71.428571,7,5,12.500000,7,True,True,1.000000,True,,,10,0.000000,0.000000,0.000000,0.000000,,10,,,,,,,status,excellent,False,False,10,0,10
standard-prompt,2025-07-20T13:09:08.579328,google_apps,False,9083430685396054240,Go to Reddit.com,0.000000,28.571429,7,2,0.000000,0,False,True,0.000000,False,0.110546,,4,0.793690,0.281420,0.793690,0.281420,,4,0.692030,0.324844,0.261300,0.386795,,0.110546,other,poor,True,False,10,0,10
standard-prompt,2025-07-20T13:09:08.579328,google_apps,False,9083430685396054240,Go to Reddit.com,0.000000,28.571429,7,2,0.000000,1,False,True,0.000000,False,0.539597,,4,0.350000,0.625000,0.350000,0.625000,,4,0.868808,0.773336,0.525117,0.743714,,0.539597,other,poor,True,False,10,0,10
standard-prompt,2025-07-20T13:09:08.579328,google_apps,False,9083430685396054240,Go to Reddit.com,0.000000,28.571429,7,2,0.000000,2,False,True,0.000000,False,0.425935,,4,0.550000,0.310000,0.550000,0.310000,,4,0.275617,0.635783,0.275617,0.635783,,0.425935,other,poor,True,False,10,0,10
standard-prompt,2025-07-20T13:09:08.579328,google_apps,False,9083430685396054240,Go to Reddit.com,0.000000,28.571429,7,2,0.000000,3,False,True,0.000000,False,0.390999,,4,0.082524,0.424863,0.082524,0.424863,,4,0.459229,0.529622,0.460604,0.527170,,0.390999,other,poor,True,False,10,0,10
standard-prompt,2025-07-20T13:09:08.579328,google_apps,False,9083430685396054240,Go to Reddit.com,0.000000,28.571429,7,2,0.000000,4,True,True,1.000000,False,,,3,0.000000,0.000000,0.000000,0.000000,reddit.com,3,,,,,,,other,excellent,False,False,10,0,10
standard-prompt,2025-07-20T13:09:08.579328,google_apps,False,9083430685396054240,Go to Reddit.com,0.000000,28.571429,7,2,0.000000,5,False,True,0.000000,False,0.267407,,4,0.055825,0.165301,0.055825,0.165301,,4,0.184124,0.399920,0.184124,0.399920,,0.267407,other,poor,True,False,10,0,10
standard-prompt,2025-07-20T13:09:08.579328,google_apps,False,9083430685396054240,Go to Reddit.com,0.000000,28.571429,7,2,0.000000,6,True,True,1.000000,True,,,10,0.000000,0.000000,0.000000,0.000000,,10,,,,,,,status,excellent,False,False,10,0,10
standard-prompt,2025-07-20T13:09:08.579435,google_apps,False,9199214241637337474,check android version,40.000000,55.555556,9,5,40.000000,0,True,True,1.000000,False,0.420101,,4,0.900000,0.500000,0.200000,0.500000,,4,0.771341,0.899915,0.106133,0.768703,,0.420101,other,excellent,True,False,10,0,10
standard-prompt,2025-07-20T13:09:08.579435,google_apps,False,9199214241637337474,check android version,40.000000,55.555556,9,5,40.000000,1,True,True,1.000000,False,0.121566,,4,0.320000,0.520000,0.320000,0.520000,,4,0.223169,0.593498,0.223169,0.593498,,0.121566,other,excellent,True,False,10,0,10
standard-prompt,2025-07-20T13:09:08.579435,google_apps,False,9199214241637337474,check android version,40.000000,55.555556,9,5,40.000000,2,True,True,1.000000,False,0.132500,,4,0.800000,0.500000,0.300000,0.500000,,4,0.874444,0.609610,0.418907,0.634173,,0.132500,other,excellent,True,False,10,0,10
standard-prompt,2025-07-20T13:09:08.579435,google_apps,False,9199214241637337474,check android version,40.000000,55.555556,9,5,40.000000,3,True,True,1.000000,False,0.034095,,4,0.800000,0.500000,0.200000,0.500000,,4,0.798174,0.465954,0.167552,0.803207,,0.034095,other,excellent,True,False,10,0,10
standard-prompt,2025-07-20T13:09:08.579435,google_apps,False,9199214241637337474,check android version,40.000000,55.555556,9,5,40.000000,4,False,True,0.000000,False,0.109763,,4,0.750000,0.500000,0.750000,0.500000,,4,0.774060,0.607093,0.360407,0.658065,,0.109763,other,poor,True,False,10,0,10
standard-prompt,2025-07-20T13:09:08.579435,google_apps,False,9199214241637337474,check android version,40.000000,55.555556,9,5,40.000000,5,False,True,0.000000,False,0.555496,,4,0.218447,0.834699,0.218447,0.834699,,4,0.673323,0.515851,0.301198,0.641992,,0.555496,other,poor,True,False,10,0,10
standard-prompt,2025-07-20T13:09:08.579435,google_apps,False,9199214241637337474,check android version,40.000000,55.555556,9,5,40.000000,6,False,True,0.000000,False,0.215521,,4,0.650000,0.500000,0.650000,0.500000,,4,0.862065,0.461561,0.862065,0.461561,,0.215521,other,poor,True,False,10,0,10
standard-prompt,2025-07-20T13:09:08.579435,google_apps,False,9199214241637337474,check android version,40.000000,55.555556,9,5,40.000000,7,True,True,1.000000,False,0.116366,,4,0.800000,0.500000,0.300000,0.500000,,4,0.825577,0.386479,0.457398,0.504398,,0.116366,other,excellent,True,False,10,0,10
standard-prompt,2025-07-20T13:09:08.579435,google_apps,False,9199214241637337474,check android version,40.000000,55.555556,9,5,40.000000,8,False,False,0.000000,True,0.779794,,10,0.000000,0.000000,0.000000,0.000000,,4,0.749099,0.216634,0.749099,0.216634,,0.779794,status,poor,True,False,10,0,10
standard-prompt,2025-07-20T13:09:08.579574,google_apps,False,4876210647967124985,turn off improve location accuracy,40.000000,60.000000,10,6,40.000000,0,True,True,1.000000,False,0.217166,,4,0.750000,0.500000,0.250000,0.500000,,4,0.788416,0.713742,0.344149,0.760565,,0.217166,other,excellent,True,False,10,0,10
standard-prompt,2025-07-20T13:09:08.579574,google_apps,False,4876210647967124985,turn off improve location accuracy,40.000000,60.000000,10,6,40.000000,1,True,True,1.000000,False,0.092724,,4,0.790000,0.360000,0.790000,0.360000,,4,0.869543,0.312349,0.869543,0.312349,,0.092724,other,excellent,True,False,10,0,10
standard-prompt,2025-07-20T13:09:08.579574,google_apps,False,4876210647967124985,turn off improve location accuracy,40.000000,60.000000,10,6,40.000000,2,True,True,1.000000,False,0.230495,,4,0.800000,0.500000,0.400000,0.500000,,4,0.839086,0.727157,0.300230,0.792531,,0.230495,other,excellent,True,False,10,0,10
standard-prompt,2025-07-20T13:09:08.579574,google_apps,False,4876210647967124985,turn off improve location accuracy,40.000000,60.000000,10,6,40.000000,3,True,True,1.000000,False,0.163005,,4,0.800000,0.500000,0.300000,0.500000,,4,0.770749,0.660359,0.360646,0.779255,,0.163005,other,excellent,True,False,10,0,10
standard-prompt,2025-07-20T13:09:08.579574,google_apps,False,4876210647967124985,turn off improve location accuracy,40.000000,60.000000,10,6,40.000000,4,False,True,0.000000,False,0.360566,,4,0.600000,0.770000,0.600000,0.770000,,4,0.825637,0.488760,0.825637,0.488760,,0.360566,other,poor,True,False,10,0,10
standard-prompt,2025-07-20T13:09:08.579574,google_apps,False,4876210647967124985,turn off improve location accuracy,40.000000,60.000000,10,6,40.000000,5,False,True,0.000000,False,0.657839,,4,0.218400,0.758200,0.218400,0.758200,,4,0.808093,0.466628,0.808093,0.466628,,0.657839,other,poor,True,False,10,0,10
standard-prompt,2025-07-20T13:09:08.579574,google_apps,False,4876210647967124985,turn off improve location accuracy,40.000000,60.000000,10,6,40.000000,6,False,True,0.000000,False,0.372580,,4,0.730000,0.300000,0.730000,0.300000,,4,0.895776,0.633668,0.412864,0.778941,,0.372580,other,poor,True,False,10,0,10
standard-prompt,2025-07-20T13:09:08.579574,google_apps,False,4876210647967124985,turn off improve location accuracy,40.000000,60.000000,10,6,40.000000,7,False,True,0.000000,False,0.391252,,4,0.298500,0.892700,0.298500,0.892700,,4,0.507929,0.562219,0.507929,0.562219,,0.391252,other,poor,True,False,10,0,10
standard-prompt,2025-07-20T13:09:08.579574,google_apps,False,4876210647967124985,turn off improve location accuracy,40.000000,60.000000,10,6,40.000000,8,True,True,1.000000,False,0.055560,,4,0.220000,0.900000,0.220000,0.900000,,4,0.188341,0.854342,0.188341,0.854342,,0.055560,other,excellent,True,False,10,0,10
standard-prompt,2025-07-20T13:09:08.579574,google_apps,False,4876210647967124985,turn off improve location accuracy,40.000000,60.000000,10,6,40.000000,9,True,True,1.000000,True,,,10,0.000000,0.000000,0.000000,0.000000,,10,,,,,,,status,excellent,False,False,10,0,10
standard-prompt,2025-07-20T13:09:08.579705,google_apps,False,2699886024896090523,turn off javascript in the chrome app,0.000000,50.000000,10,5,0.000000,0,False,True,0.000000,False,0.250959,,4,0.740000,0.620000,0.740000,0.620000,,4,0.772451,0.868852,0.237368,0.908879,,0.250959,other,poor,True,False,10,0,10
standard-prompt,2025-07-20T13:09:08.579705,google_apps,False,2699886024896090523,turn off javascript in the chrome app,0.000000,50.000000,10,5,0.000000,1,True,True,1.000000,False,0.085245,,4,0.563107,0.640710,0.563107,0.640710,,4,0.618280,0.575729,0.618280,0.575729,,0.085245,other,excellent,True,False,10,0,10
standard-prompt,2025-07-20T13:09:08.579705,google_apps,False,2699886024896090523,turn off javascript in the chrome app,0.000000,50.000000,10,5,0.000000,2,True,True,1.000000,False,0.134700,,4,0.780000,0.500000,0.780000,0.500000,,4,0.856404,0.610935,0.856404,0.610935,,0.134700,other,excellent,True,False,10,0,10
standard-prompt,2025-07-20T13:09:08.579705,google_apps,False,2699886024896090523,turn off javascript in the chrome app,0.000000,50.000000,10,5,0.000000,3,False,True,0.000000,False,0.633629,,4,0.880000,0.200000,0.880000,0.200000,,4,0.878034,0.833626,0.876689,0.833626,,0.633629,other,poor,True,False,10,0,10
standard-prompt,2025-07-20T13:09:08.579705,google_apps,False,2699886024896090523,turn off javascript in the chrome app,0.000000,50.000000,10,5,0.000000,4,True,True,1.000000,False,0.020121,,4,0.893204,0.842896,0.893204,0.842896,,4,0.875345,0.833626,0.875345,0.833626,,0.020121,other,excellent,True,False,10,0,10
standard-prompt,2025-07-20T13:09:08.579705,google_apps,False,2699886024896090523,turn off javascript in the chrome app,0.000000,50.000000,10,5,0.000000,5,True,True,1.000000,False,0.057992,,4,0.820000,0.850000,0.820000,0.850000,,4,0.873969,0.828779,0.873969,0.828779,,0.057992,other,excellent,True,False,10,0,10
standard-prompt,2025-07-20T13:09:08.579705,google_apps,False,2699886024896090523,turn off javascript in the chrome app,0.000000,50.000000,10,5,0.000000,6,False,True,0.000000,False,0.015373,,4,0.110000,0.930000,0.110000,0.930000,,4,0.105098,0.915429,0.750205,0.365483,,0.015373,other,poor,True,False,10,0,10
standard-prompt,2025-07-20T13:09:08.579705,google_apps,False,2699886024896090523,turn off javascript in the chrome app,0.000000,50.000000,10,5,0.000000,7,True,True,1.000000,False,0.201896,,4,0.750000,0.500000,0.250000,0.500000,,4,0.837261,0.682064,0.336443,0.741950,,0.201896,other,excellent,True,False,10,0,10
standard-prompt,2025-07-20T13:09:08.579705,google_apps,False,2699886024896090523,turn off javascript in the chrome app,0.000000,50.000000,10,5,0.000000,8,False,True,0.000000,False,0.156842,,4,0.470000,0.500000,0.470000,0.500000,,4,0.625472,0.479314,0.625472,0.479314,,0.156842,other,poor,True,False,10,0,10
standard-prompt,2025-07-20T13:09:08.579705,google_apps,False,2699886024896090523,turn off javascript in the chrome app,0.000000,50.000000,10,5,0.000000,9,False,True,0.000000,False,0.682410,,4,0.223301,0.856557,0.223301,0.856557,,4,0.864623,0.623341,0.359142,0.578725,,0.682410,other,poor,True,False,10,0,10
standard-prompt,2025-07-20T13:09:08.579842,google_apps,False,6160402803482314990,When is my next appointment?,0.000000,20.000000,5,1,0.000000,0,False,True,0.000000,False,0.872723,,4,0.126214,0.211749,0.126214,0.211749,,4,0.836484,0.718859,0.531400,0.736024,,0.872723,other,poor,True,False,10,0,10
standard-prompt,2025-07-20T13:09:08.579842,google_apps,False,6160402803482314990,When is my next appointment?,0.000000,20.000000,5,1,0.000000,1,False,False,0.000000,False,0.337911,,5,0.000000,0.000000,0.000000,0.000000,,4,0.303796,0.147959,0.303796,0.147959,,0.337911,type,poor,True,False,10,0,10
standard-prompt,2025-07-20T13:09:08.579842,google_apps,False,6160402803482314990,When is my next appointment?,0.000000,20.000000,5,1,0.000000,2,False,True,0.000000,False,0.321108,,4,0.116505,0.262295,0.116505,0.262295,,4,0.359937,0.471702,0.665485,0.521645,,0.321108,other,poor,True,False,10,0,10
standard-prompt,2025-07-20T13:09:08.579842,google_apps,False,6160402803482314990,When is my next appointment?,0.000000,20.000000,5,1,0.000000,3,False,True,0.000000,False,0.272957,,4,0.270000,0.150000,0.270000,0.150000,,4,0.542582,0.164309,0.542582,0.164309,,0.272957,other,poor,True,False,10,0,10
standard-prompt,2025-07-20T13:09:08.579842,google_apps,False,6160402803482314990,When is my next appointment?,0.000000,20.000000,5,1,0.000000,4,True,True,1.000000,True,,,10,0.000000,0.000000,0.000000,0.000000,Your next appointment is “Work out” today at 1:00 – 1:30 PM.,10,,,,,,,status,excellent,False,False,10,0,10
standard-prompt,2025-07-20T13:09:08.579908,google_apps,False,18080436103564134860,set an alarm,60.000000,60.000000,5,3,60.000000,0,True,True,1.000000,False,0.088727,,4,0.570000,0.810000,0.570000,0.810000,,4,0.555208,0.897486,0.555208,0.897486,,0.088727,other,excellent,True,False,10,0,10
standard-prompt,2025-07-20T13:09:08.579908,google_apps,False,18080436103564134860,set an alarm,60.000000,60.000000,5,3,60.000000,1,True,True,1.000000,False,0.061004,,4,0.084951,0.064208,0.084951,0.064208,,4,0.105515,0.121641,0.105515,0.121641,,0.061004,other,excellent,True,False,10,0,10
standard-prompt,2025-07-20T13:09:08.579908,google_apps,False,18080436103564134860,set an alarm,60.000000,60.000000,5,3,60.000000,2,True,True,1.000000,False,0.020813,,4,0.850000,0.500000,0.850000,0.500000,,4,0.840662,0.518601,0.840662,0.518601,,0.020813,other,excellent,True,False,10,0,10
standard-prompt,2025-07-20T13:09:08.579908,google_apps,False,18080436103564134860,set an alarm,60.000000,60.000000,5,3,60.000000,3,False,True,0.000000,False,0.697818,,4,0.230000,0.380000,0.670000,0.620000,,4,0.778283,0.811666,0.778283,0.811666,,0.697818,other,poor,True,False,10,0,10
standard-prompt,2025-07-20T13:09:08.579908,google_apps,False,18080436103564134860,set an alarm,60.000000,60.000000,5,3,60.000000,4,False,False,0.000000,False,,,5,0.000000,0.000000,0.000000,0.000000,,10,,,,,,,type,poor,False,False,10,0,10
standard-prompt,2025-07-20T13:09:08.579974,google_apps,False,12367238940543105254,turn on showing notifications on the lock screen,0.000000,33.333333,9,3,0.000000,0,False,True,0.000000,False,0.549921,,4,0.570388,0.185792,0.570388,0.185792,,4,0.252691,0.634658,0.252691,0.634658,,0.549921,other,poor,True,False,10,0,10
standard-prompt,2025-07-20T13:09:08.579974,google_apps,False,12367238940543105254,turn on showing notifications on the lock screen,0.000000,33.333333,9,3,0.000000,1,False,True,0.000000,False,0.179889,,4,0.347087,0.450820,0.347087,0.450820,,4,0.283242,0.618998,0.716188,0.699022,,0.179889,other,poor,True,False,10,0,10
standard-prompt,2025-07-20T13:09:08.579974,google_apps,False,12367238940543105254,turn on showing notifications on the lock screen,0.000000,33.333333,9,3,0.000000,2,False,False,0.000000,False,0.690263,,5,0.000000,0.000000,0.000000,0.000000,,4,0.253506,0.642027,0.825189,0.626869,,0.690263,type,poor,True,False,10,0,10
standard-prompt,2025-07-20T13:09:08.579974,google_apps,False,12367238940543105254,turn on showing notifications on the lock screen,0.000000,33.333333,9,3,0.000000,3,False,True,0.000000,False,0.262767,,4,0.750000,0.500000,0.350000,0.500000,,4,0.488086,0.521152,0.488086,0.521152,,0.262766,other,poor,True,False,10,0,10
standard-prompt,2025-07-20T13:09:08.579974,google_apps,False,12367238940543105254,turn on showing notifications on the lock screen,0.000000,33.333333,9,3,0.000000,4,True,True,1.000000,False,0.034382,,4,0.600000,0.200000,0.600000,0.200000,,4,0.610259,0.232816,0.610259,0.232816,,0.034382,other,excellent,True,False,10,0,10
standard-prompt,2025-07-20T13:09:08.579974,google_apps,False,12367238940543105254,turn on showing notifications on the lock screen,0.000000,33.333333,9,3,0.000000,5,True,True,1.000000,False,0.246207,,4,0.800000,0.500000,0.400000,0.500000,,4,0.763107,0.743427,0.290296,0.865517,,0.246207,other,excellent,True,False,10,0,10
standard-prompt,2025-07-20T13:09:08.579974,google_apps,False,12367238940543105254,turn on showing notifications on the lock screen,0.000000,33.333333,9,3,0.000000,6,False,True,0.000000,False,0.152495,,4,0.800000,0.500000,0.800000,0.500000,,4,0.836821,0.647983,0.533800,0.599911,,0.152495,other,poor,True,False,10,0,10
standard-prompt,2025-07-20T13:09:08.579974,google_apps,False,12367238940543105254,turn on showing notifications on the lock screen,0.000000,33.333333,9,3,0.000000,7,True,True,1.000000,False,0.091373,,4,0.620000,0.500000,0.620000,0.500000,,4,0.706892,0.528263,0.706892,0.528263,,0.091373,other,excellent,True,False,10,0,10
standard-prompt,2025-07-20T13:09:08.579974,google_apps,False,12367238940543105254,turn on showing notifications on the lock screen,0.000000,33.333333,9,3,0.000000,8,False,False,0.000000,True,,,5,0.000000,0.000000,0.000000,0.000000,,10,,,,,,,type,poor,False,False,10,0,10
standard-prompt,2025-07-20T13:09:08.580082,install,False,2194650638991826291,"open app ""Google Play Music""",12.500000,12.500000,8,1,12.500000,0,True,True,1.000000,False,0.023450,,4,0.900000,0.500000,0.300000,0.500000,,4,0.915011,0.481984,0.155826,0.518540,,0.023450,other,excellent,True,False,10,0,10
standard-prompt,2025-07-20T13:09:08.580082,install,False,2194650638991826291,"open app ""Google Play Music""",12.500000,12.500000,8,1,12.500000,1,False,True,0.000000,False,0.985754,,4,0.910000,0.170000,0.910000,0.170000,,4,0.207223,0.861243,0.207223,0.861243,,0.985754,other,poor,True,False,10,0,10
standard-prompt,2025-07-20T13:09:08.580082,install,False,2194650638991826291,"open app ""Google Play Music""",12.500000,12.500000,8,1,12.500000,2,False,False,0.000000,False,0.799770,,5,0.000000,0.000000,0.000000,0.000000,,4,0.064264,0.797184,0.064264,0.797184,,0.799770,type,poor,True,False,10,0,10
standard-prompt,2025-07-20T13:09:08.580082,install,False,2194650638991826291,"open app ""Google Play Music""",12.500000,12.500000,8,1,12.500000,3,False,False,0.000000,False,0.921435,,5,0.000000,0.000000,0.000000,0.000000,,4,0.067091,0.918990,0.067091,0.918990,,0.921435,type,poor,True,False,10,0,10
standard-prompt,2025-07-20T13:09:08.580082,install,False,2194650638991826291,"open app ""Google Play Music""",12.500000,12.500000,8,1,12.500000,4,False,False,0.000000,False,,,4,0.120000,0.500000,0.120000,0.500000,,3,,,,,,,other,poor,False,False,10,0,10
standard-prompt,2025-07-20T13:09:08.580082,install,False,2194650638991826291,"open app ""Google Play Music""",12.500000,12.500000,8,1,12.500000,5,False,True,0.000000,False,0.382744,,4,0.320833,0.121711,0.320833,0.121711,,4,0.130131,0.453562,0.130131,0.453562,,0.382744,other,poor,True,False,10,0,10
standard-prompt,2025-07-20T13:09:08.580082,install,False,2194650638991826291,"open app ""Google Play Music""",12.500000,12.500000,8,1,12.500000,6,False,True,0.000000,False,0.671477,,4,0.800000,0.500000,0.300000,0.500000,,4,0.130131,0.453562,0.130131,0.453562,,0.671477,other,poor,True,False,10,0,10
standard-prompt,2025-07-20T13:09:08.580082,install,False,2194650638991826291,"open app ""Google Play Music""",12.500000,12.500000,8,1,12.500000,7,False,False,0.000000,False,,,5,0.000000,0.000000,0.000000,0.000000,,10,,,,,,,type,poor,False,False,10,0,10
standard-prompt,2025-07-20T13:09:08.580193,install,False,10480948123077773417,"uninstall ""Microsoft Authenticator""",10.000000,10.000000,10,1,10.000000,0,True,True,1.000000,False,0.369920,,4,0.900000,0.500000,0.300000,0.500000,,4,0.531461,0.531940,0.211347,0.531940,,0.369920,other,excellent,True,False,10,0,10
standard-prompt,2025-07-20T13:09:08.580193,install,False,10480948123077773417,"uninstall ""Microsoft Authenticator""",10.000000,10.000000,10,1,10.000000,1,False,True,0.000000,False,0.384590,,4,0.800000,0.500000,0.200000,0.500000,,4,0.770313,0.116558,0.770313,0.116558,,0.384590,other,poor,True,False,10,0,10
standard-prompt,2025-07-20T13:09:08.580193,install,False,10480948123077773417,"uninstall ""Microsoft Authenticator""",10.000000,10.000000,10,1,10.000000,2,False,True,0.000000,False,0.763239,,4,0.100000,0.500000,0.100000,0.500000,,4,0.769067,0.132735,0.808715,0.194664,,0.763239,other,poor,True,False,10,0,10
standard-prompt,2025-07-20T13:09:08.580193,install,False,10480948123077773417,"uninstall ""Microsoft Authenticator""",10.000000,10.000000,10,1,10.000000,3,False,False,0.000000,False,0.095733,,5,0.000000,0.000000,0.000000,0.000000,,4,0.060760,0.073981,0.060760,0.073981,,0.095733,type,poor,True,False,10,0,10
standard-prompt,2025-07-20T13:09:08.580193,install,False,10480948123077773417,"uninstall ""Microsoft Authenticator""",10.000000,10.000000,10,1,10.000000,4,False,False,0.000000,False,0.095733,,6,0.000000,0.000000,0.000000,0.000000,,4,0.060760,0.073981,0.060760,0.073981,,0.095733,navigation,poor,True,False,10,0,10
standard-prompt,2025-07-20T13:09:08.580193,install,False,10480948123077773417,"uninstall ""Microsoft Authenticator""",10.000000,10.000000,10,1,10.000000,5,False,False,0.000000,False,,,4,0.900000,0.500000,0.300000,0.500000,,3,,,,,,,other,poor,False,False,10,0,10
standard-prompt,2025-07-20T13:09:08.580193,install,False,10480948123077773417,"uninstall ""Microsoft Authenticator""",10.000000,10.000000,10,1,10.000000,6,False,True,0.000000,False,0.174246,,4,0.170000,0.115000,0.170000,0.115000,,4,0.125100,0.283361,0.125100,0.283361,,0.174246,other,poor,True,False,10,0,10
standard-prompt,2025-07-20T13:09:08.580193,install,False,10480948123077773417,"uninstall ""Microsoft Authenticator""",10.000000,10.000000,10,1,10.000000,7,False,True,0.000000,False,0.208718,,4,0.200000,0.500000,0.200000,0.500000,,4,0.121456,0.306625,0.121456,0.306625,,0.208718,other,poor,True,False,10,0,10
standard-prompt,2025-07-20T13:09:08.580193,install,False,10480948123077773417,"uninstall ""Microsoft Authenticator""",10.000000,10.000000,10,1,10.000000,8,False,True,0.000000,False,0.225684,,4,0.152000,0.113000,0.152000,0.113000,,4,0.122661,0.336769,0.122661,0.336769,,0.225684,other,poor,True,False,10,0,10
standard-prompt,2025-07-20T13:09:08.580193,install,False,10480948123077773417,"uninstall ""Microsoft Authenticator""",10.000000,10.000000,10,1,10.000000,9,False,False,0.000000,False,0.667040,,11,0.000000,0.000000,0.000000,0.000000,,4,0.327837,0.580917,0.327837,0.580917,,0.667040,other,poor,True,False,10,0,10
standard-prompt,2025-07-20T13:09:08.580317,install,False,17214275246512467225,"open app ""DoorDash - Food Delivery"" (install if not already installed)",0.000000,50.000000,10,5,0.000000,0,False,False,0.000000,False,,,6,0.000000,0.000000,0.000000,0.000000,,5,,,,,,,navigation,poor,False,False,10,0,10
standard-prompt,2025-07-20T13:09:08.580317,install,False,17214275246512467225,"open app ""DoorDash - Food Delivery"" (install if not already installed)",0.000000,50.000000,10,5,0.000000,1,True,True,1.000000,False,,,5,0.000000,0.000000,0.000000,0.000000,,5,,,,,,,type,excellent,False,False,10,0,10
standard-prompt,2025-07-20T13:09:08.580317,install,False,17214275246512467225,"open app ""DoorDash - Food Delivery"" (install if not already installed)",0.000000,50.000000,10,5,0.000000,2,True,True,1.000000,False,0.105828,,4,0.850000,0.500000,0.300000,0.500000,,4,0.750076,0.534854,0.059039,0.304835,,0.105828,other,excellent,True,False,10,0,10
standard-prompt,2025-07-20T13:09:08.580317,install,False,17214275246512467225,"open app ""DoorDash - Food Delivery"" (install if not already installed)",0.000000,50.000000,10,5,0.000000,3,True,True,1.000000,False,0.422268,,4,0.900000,0.500000,0.300000,0.500000,,4,0.479131,0.534346,0.334752,0.461309,,0.422268,other,excellent,True,False,10,0,10
standard-prompt,2025-07-20T13:09:08.580317,install,False,17214275246512467225,"open app ""DoorDash - Food Delivery"" (install if not already installed)",0.000000,50.000000,10,5,0.000000,4,False,True,0.000000,False,0.622275,,4,0.100000,0.500000,0.100000,0.500000,,4,0.722274,0.499130,0.178787,0.475178,,0.622275,other,poor,True,False,10,0,10
standard-prompt,2025-07-20T13:09:08.580317,install,False,17214275246512467225,"open app ""DoorDash - Food Delivery"" (install if not already installed)",0.000000,50.000000,10,5,0.000000,5,False,False,0.000000,False,0.931999,,3,0.000000,0.000000,0.000000,0.000000,doordash,4,0.624006,0.692271,0.627599,0.692271,,0.931999,other,poor,True,False,10,0,10
standard-prompt,2025-07-20T13:09:08.580317,install,False,17214275246512467225,"open app ""DoorDash - Food Delivery"" (install if not already installed)",0.000000,50.000000,10,5,0.000000,6,True,True,1.000000,False,0.025847,,4,0.640741,0.673684,0.640741,0.673684,,4,0.631654,0.697882,0.627971,0.708896,,0.025847,other,excellent,True,False,10,0,10
standard-prompt,2025-07-20T13:09:08.580317,install,False,17214275246512467225,"open app ""DoorDash - Food Delivery"" (install if not already installed)",0.000000,50.000000,10,5,0.000000,7,False,True,0.000000,False,0.568483,,4,0.100000,0.500000,0.100000,0.500000,,4,0.604834,0.761372,0.020738,0.668414,,0.568483,other,poor,True,False,10,0,10
standard-prompt,2025-07-20T13:09:08.580317,install,False,17214275246512467225,"open app ""DoorDash - Food Delivery"" (install if not already installed)",0.000000,50.000000,10,5,0.000000,8,False,False,0.000000,False,0.712720,,3,0.000000,0.000000,0.000000,0.000000,doordash,4,0.512818,0.494961,0.264682,0.494961,,0.712719,other,poor,True,False,10,0,10
standard-prompt,2025-07-20T13:09:08.580317,install,False,17214275246512467225,"open app ""DoorDash - Food Delivery"" (install if not already installed)",0.000000,50.000000,10,5,0.000000,9,True,True,1.000000,False,0.107954,,4,0.101852,0.045614,0.101852,0.045614,,4,0.027519,0.123901,0.027519,0.123901,,0.107954,other,excellent,True,False,10,0,10
standard-prompt,2025-07-20T13:09:08.580442,install,False,11595374306188102432,"uninstall ""Flipkart Online Shopping App""",10.000000,10.000000,10,1,10.000000,0,True,True,1.000000,False,0.070486,,4,0.900000,0.500000,0.300000,0.500000,,4,0.900842,0.570481,0.234051,0.365890,,0.070486,other,excellent,True,False,10,0,10
standard-prompt,2025-07-20T13:09:08.580442,install,False,11595374306188102432,"uninstall ""Flipkart Online Shopping App""",10.000000,10.000000,10,1,10.000000,1,False,True,0.000000,False,0.621396,,4,0.130000,0.500000,0.130000,0.500000,,4,0.628211,0.871375,0.628211,0.871375,,0.621396,other,poor,True,False,10,0,10
standard-prompt,2025-07-20T13:09:08.580442,install,False,11595374306188102432,"uninstall ""Flipkart Online Shopping App""",10.000000,10.000000,10,1,10.000000,2,False,False,0.000000,False,1.072173,,3,0.000000,0.000000,0.000000,0.000000,Flipkart,4,0.628211,0.868853,0.628211,0.868853,,1.072173,other,poor,True,False,10,0,10
standard-prompt,2025-07-20T13:09:08.580442,install,False,11595374306188102432,"uninstall ""Flipkart Online Shopping App""",10.000000,10.000000,10,1,10.000000,3,False,False,0.000000,False,0.075620,,5,0.000000,0.000000,0.000000,0.000000,,4,0.054836,0.052071,0.054836,0.052071,,0.075620,type,poor,True,False,10,0,10
standard-prompt,2025-07-20T13:09:08.580442,install,False,11595374306188102432,"uninstall ""Flipkart Online Shopping App""",10.000000,10.000000,10,1,10.000000,4,False,True,0.000000,False,0.453423,,4,0.060000,0.500000,0.060000,0.500000,,4,0.056028,0.046594,0.056028,0.046594,,0.453423,other,poor,True,False,10,0,10
standard-prompt,2025-07-20T13:09:08.580442,install,False,11595374306188102432,"uninstall ""Flipkart Online Shopping App""",10.000000,10.000000,10,1,10.000000,5,False,False,0.000000,False,0.277406,,3,0.000000,0.000000,0.000000,0.000000,Flipkart,4,0.063343,0.270077,0.063343,0.270077,,0.277406,other,poor,True,False,10,0,10
standard-prompt,2025-07-20T13:09:08.580442,install,False,11595374306188102432,"uninstall ""Flipkart Online Shopping App""",10.000000,10.000000,10,1,10.000000,6,False,True,0.000000,False,0.896986,,4,0.920370,0.553509,0.920370,0.553509,,4,0.060764,0.297266,0.060764,0.297266,,0.896986,other,poor,True,False,10,0,10
standard-prompt,2025-07-20T13:09:08.580442,install,False,11595374306188102432,"uninstall ""Flipkart Online Shopping App""",10.000000,10.000000,10,1,10.000000,7,False,False,0.000000,False,,,4,0.170000,0.500000,0.170000,0.500000,,3,,,,,,,other,poor,False,False,10,0,10
standard-prompt,2025-07-20T13:09:08.580442,install,False,11595374306188102432,"uninstall ""Flipkart Online Shopping App""",10.000000,10.000000,10,1,10.000000,8,False,True,0.000000,False,0.142072,,4,0.255000,0.200000,0.255000,0.200000,,4,0.123203,0.253047,0.123203,0.253047,,0.142072,other,poor,True,False,10,0,10
standard-prompt,2025-07-20T13:09:08.580442,install,False,11595374306188102432,"uninstall ""Flipkart Online Shopping App""",10.000000,10.000000,10,1,10.000000,9,False,False,0.000000,False,0.281446,,5,0.000000,0.000000,0.000000,0.000000,,4,0.123203,0.253047,0.121997,0.263191,,0.281446,type,poor,True,False,10,0,10
standard-prompt,2025-07-20T13:09:08.580565,install,False,3217166213684982001,"open app ""LinkedIn"" (install if not already installed) and go to login screen",10.000000,40.000000,10,4,10.000000,0,True,True,1.000000,False,0.088473,,4,0.900000,0.500000,0.300000,0.500000,,4,0.897579,0.588440,0.172825,0.502656,,0.088473,other,excellent,True,False,10,0,10
standard-prompt,2025-07-20T13:09:08.580565,install,False,3217166213684982001,"open app ""LinkedIn"" (install if not already installed) and go to login screen",10.000000,40.000000,10,4,10.000000,1,False,True,0.000000,False,0.759819,,4,0.850000,0.500000,0.300000,0.500000,,4,0.177521,0.853692,0.177521,0.853692,,0.759819,other,poor,True,False,10,0,10
standard-prompt,2025-07-20T13:09:08.580565,install,False,3217166213684982001,"open app ""LinkedIn"" (install if not already installed) and go to login screen",10.000000,40.000000,10,4,10.000000,2,False,False,0.000000,False,0.871954,,5,0.000000,0.000000,0.000000,0.000000,,4,0.177521,0.853692,0.177521,0.853692,,0.871954,type,poor,True,False,10,0,10
standard-prompt,2025-07-20T13:09:08.580565,install,False,3217166213684982001,"open app ""LinkedIn"" (install if not already installed) and go to login screen",10.000000,40.000000,10,4,10.000000,3,False,True,0.000000,False,0.715945,,4,0.800000,0.500000,0.300000,0.500000,,4,0.177521,0.853692,0.177521,0.853692,,0.715945,other,poor,True,False,10,0,10
standard-prompt,2025-07-20T13:09:08.580565,install,False,3217166213684982001,"open app ""LinkedIn"" (install if not already installed) and go to login screen",10.000000,40.000000,10,4,10.000000,4,True,True,1.000000,False,0.101561,,4,0.060000,0.900000,0.060000,0.900000,,4,0.077156,0.799898,0.077156,0.799898,,0.101561,other,excellent,True,False,10,0,10
standard-prompt,2025-07-20T13:09:08.580565,install,False,3217166213684982001,"open app ""LinkedIn"" (install if not already installed) and go to login screen",10.000000,40.000000,10,4,10.000000,5,True,True,1.000000,False,,,3,0.000000,0.000000,0.000000,0.000000,LinkedIn,3,,,,,,,other,excellent,False,False,10,0,10
standard-prompt,2025-07-20T13:09:08.580565,install,False,3217166213684982001,"open app ""LinkedIn"" (install if not already installed) and go to login screen",10.000000,40.000000,10,4,10.000000,6,False,True,0.000000,False,0.256411,,4,0.261100,0.060500,0.261100,0.060500,,4,0.133627,0.282980,0.133627,0.282980,,0.256411,other,poor,True,False,10,0,10
standard-prompt,2025-07-20T13:09:08.580565,install,False,3217166213684982001,"open app ""LinkedIn"" (install if not already installed) and go to login screen",10.000000,40.000000,10,4,10.000000,7,False,True,0.000000,False,0.155220,,4,0.300000,0.900000,0.300000,0.900000,,4,0.145413,0.885997,0.145413,0.885997,,0.155220,other,poor,True,False,10,0,10
standard-prompt,2025-07-20T13:09:08.580565,install,False,3217166213684982001,"open app ""LinkedIn"" (install if not already installed) and go to login screen",10.000000,40.000000,10,4,10.000000,8,False,True,0.000000,False,0.941876,,4,0.800000,0.143421,0.800000,0.143421,,4,0.144684,0.819950,0.144684,0.819950,,0.941876,other,poor,True,False,10,0,10
standard-prompt,2025-07-20T13:09:08.580565,install,False,3217166213684982001,"open app ""LinkedIn"" (install if not already installed) and go to login screen",10.000000,40.000000,10,4,10.000000,9,True,True,1.000000,False,0.068213,,4,0.850000,0.500000,0.850000,0.500000,,4,0.918025,0.494946,0.918025,0.494946,,0.068213,other,excellent,True,False,10,0,10
standard-prompt,2025-07-20T13:09:08.580683,install,False,7935374187189958968,"open app ""DoorDash - Dasher"" (install if not already installed)",0.000000,10.000000,10,1,0.000000,0,False,True,0.000000,False,0.611647,,4,0.740000,0.083000,0.740000,0.083000,,4,0.879549,0.678515,0.277026,0.674723,,0.611647,other,poor,True,False,10,0,10
standard-prompt,2025-07-20T13:09:08.580683,install,False,7935374187189958968,"open app ""DoorDash - Dasher"" (install if not already installed)",0.000000,10.000000,10,1,0.000000,1,False,True,0.000000,False,0.578471,,4,0.830000,0.170000,0.830000,0.170000,,4,0.807625,0.748038,0.355476,0.656941,,0.578471,other,poor,True,False,10,0,10
standard-prompt,2025-07-20T13:09:08.580683,install,False,7935374187189958968,"open app ""DoorDash - Dasher"" (install if not already installed)",0.000000,10.000000,10,1,0.000000,2,False,True,0.000000,False,0.664270,,4,0.264815,0.534211,0.264815,0.534211,,4,0.773373,0.106865,0.775752,0.109370,,0.664270,other,poor,True,False,10,0,10
standard-prompt,2025-07-20T13:09:08.580683,install,False,7935374187189958968,"open app ""DoorDash - Dasher"" (install if not already installed)",0.000000,10.000000,10,1,0.000000,3,False,True,0.000000,False,0.665343,,4,0.264815,0.534211,0.264815,0.534211,,4,0.783795,0.117869,0.783795,0.117869,,0.665343,other,poor,True,False,10,0,10
standard-prompt,2025-07-20T13:09:08.580683,install,False,7935374187189958968,"open app ""DoorDash - Dasher"" (install if not already installed)",0.000000,10.000000,10,1,0.000000,4,False,False,0.000000,False,0.069366,,5,0.000000,0.000000,0.000000,0.000000,,4,0.052767,0.045026,0.052767,0.045026,,0.069366,type,poor,True,False,10,0,10
standard-prompt,2025-07-20T13:09:08.580683,install,False,7935374187189958968,"open app ""DoorDash - Dasher"" (install if not already installed)",0.000000,10.000000,10,1,0.000000,5,False,True,0.000000,False,0.870235,,4,0.080000,0.920000,0.080000,0.920000,,4,0.053972,0.050155,0.053972,0.050155,,0.870235,other,poor,True,False,10,0,10
standard-prompt,2025-07-20T13:09:08.580683,install,False,7935374187189958968,"open app ""DoorDash - Dasher"" (install if not already installed)",0.000000,10.000000,10,1,0.000000,6,False,True,0.000000,False,0.286849,,4,0.120000,0.500000,0.120000,0.500000,,4,0.056256,0.220324,0.056256,0.220324,,0.286849,other,poor,True,False,10,0,10
standard-prompt,2025-07-20T13:09:08.580683,install,False,7935374187189958968,"open app ""DoorDash - Dasher"" (install if not already installed)",0.000000,10.000000,10,1,0.000000,7,True,True,1.000000,False,,,3,0.000000,0.000000,0.000000,0.000000,DoorDash - Dasher,3,,,,,,,other,excellent,False,False,10,0,10
standard-prompt,2025-07-20T13:09:08.580683,install,False,7935374187189958968,"open app ""DoorDash - Dasher"" (install if not already installed)",0.000000,10.000000,10,1,0.000000,8,False,True,0.000000,False,0.282121,,4,0.298100,0.060100,0.298100,0.060100,,4,0.115672,0.275303,0.115672,0.275303,,0.282121,other,poor,True,False,10,0,10
standard-prompt,2025-07-20T13:09:08.580683,install,False,7935374187189958968,"open app ""DoorDash - Dasher"" (install if not already installed)",0.000000,10.000000,10,1,0.000000,9,False,False,0.000000,False,0.299162,,5,0.000000,0.000000,0.000000,0.000000,,4,0.117072,0.275303,0.117072,0.275303,,0.299162,type,poor,True,False,10,0,10
standard-prompt,2025-07-20T13:09:08.580802,install,False,12069244352697287653,"open app ""Viber Messenger"" (install if not already installed) and enter user name: ""blameless@icloud.com"" and password: ""Yoknapatawpha""",0.000000,62.500000,8,5,0.000000,0,False,True,0.000000,False,0.423002,,4,0.800000,0.500000,0.300000,0.500000,,4,0.889928,0.086668,0.889928,0.086668,,0.423002,other,poor,True,False,10,0,10
standard-prompt,2025-07-20T13:09:08.580802,install,False,12069244352697287653,"open app ""Viber Messenger"" (install if not already installed) and enter user name: ""blameless@icloud.com"" and password: ""Yoknapatawpha""",0.000000,62.500000,8,5,0.000000,1,True,True,1.000000,False,0.089153,,4,0.120000,0.500000,0.120000,0.500000,,4,0.043518,0.454188,0.043518,0.454188,,0.089153,other,excellent,True,False,10,0,10
standard-prompt,2025-07-20T13:09:08.580802,install,False,12069244352697287653,"open app ""Viber Messenger"" (install if not already installed) and enter user name: ""blameless@icloud.com"" and password: ""Yoknapatawpha""",0.000000,62.500000,8,5,0.000000,2,True,True,1.000000,False,,,3,0.000000,0.000000,0.000000,0.000000,Viber Messenger,3,,,,,,,other,excellent,False,False,10,0,10
standard-prompt,2025-07-20T13:09:08.580802,install,False,12069244352697287653,"open app ""Viber Messenger"" (install if not already installed) and enter user name: ""blameless@icloud.com"" and password: ""Yoknapatawpha""",0.000000,62.500000,8,5,0.000000,3,False,True,0.000000,False,0.212778,,4,0.348000,0.312000,0.348000,0.312000,,4,0.136567,0.335887,0.136567,0.335887,,0.212778,other,poor,True,False,10,0,10
standard-prompt,2025-07-20T13:09:08.580802,install,False,12069244352697287653,"open app ""Viber Messenger"" (install if not already installed) and enter user name: ""blameless@icloud.com"" and password: ""Yoknapatawpha""",0.000000,62.500000,8,5,0.000000,4,True,True,1.000000,False,0.128817,,4,0.280000,0.870000,0.280000,0.870000,,4,0.153006,0.848408,0.153006,0.848408,,0.128817,other,excellent,True,False,10,0,10
standard-prompt,2025-07-20T13:09:08.580802,install,False,12069244352697287653,"open app ""Viber Messenger"" (install if not already installed) and enter user name: ""blameless@icloud.com"" and password: ""Yoknapatawpha""",0.000000,62.500000,8,5,0.000000,5,True,True,1.000000,False,0.130259,,4,0.280000,0.870000,0.280000,0.870000,,4,0.150994,0.851977,0.150994,0.851977,,0.130259,other,excellent,True,False,10,0,10
standard-prompt,2025-07-20T13:09:08.580802,install,False,12069244352697287653,"open app ""Viber Messenger"" (install if not already installed) and enter user name: ""blameless@icloud.com"" and password: ""Yoknapatawpha""",0.000000,62.500000,8,5,0.000000,6,True,True,1.000000,False,0.077203,,4,0.900000,0.500000,0.900000,0.500000,,4,0.911731,0.423693,0.911731,0.423693,,0.077203,other,excellent,True,False,10,0,10
standard-prompt,2025-07-20T13:09:08.580802,install,False,12069244352697287653,"open app ""Viber Messenger"" (install if not already installed) and enter user name: ""blameless@icloud.com"" and password: ""Yoknapatawpha""",0.000000,62.500000,8,5,0.000000,7,False,False,0.000000,False,,,4,0.540000,0.500000,0.540000,0.500000,,10,,,,,,,other,poor,False,False,10,0,10
standard-prompt,2025-07-20T13:09:08.580896,install,False,413845223808800829,"install app ""PUBG MOBILE""",0.000000,30.000000,10,3,0.000000,0,False,True,0.000000,False,0.638283,,4,0.848150,0.756480,0.848150,0.756480,,4,0.915399,0.121750,0.915399,0.121750,,0.638283,other,poor,True,False,10,0,10
standard-prompt,2025-07-20T13:09:08.580896,install,False,413845223808800829,"install app ""PUBG MOBILE""",0.000000,30.000000,10,3,0.000000,1,False,False,0.000000,False,0.923460,,5,0.000000,0.000000,0.000000,0.000000,,4,0.915399,0.121750,0.915399,0.121750,,0.923460,type,poor,True,False,10,0,10
standard-prompt,2025-07-20T13:09:08.580896,install,False,413845223808800829,"install app ""PUBG MOBILE""",0.000000,30.000000,10,3,0.000000,2,True,True,1.000000,False,0.024182,,4,0.920000,0.150000,0.920000,0.150000,,4,0.932109,0.129068,0.932109,0.129068,,0.024182,other,excellent,True,False,10,0,10
standard-prompt,2025-07-20T13:09:08.580896,install,False,413845223808800829,"install app ""PUBG MOBILE""",0.000000,30.000000,10,3,0.000000,3,False,False,0.000000,False,0.941002,,5,0.000000,0.000000,0.000000,0.000000,,4,0.932109,0.129068,0.932109,0.129068,,0.941002,type,poor,True,False,10,0,10
standard-prompt,2025-07-20T13:09:08.580896,install,False,413845223808800829,"install app ""PUBG MOBILE""",0.000000,30.000000,10,3,0.000000,4,True,True,1.000000,False,0.027906,,4,0.900000,0.300000,0.900000,0.300000,,4,0.919461,0.280000,0.919461,0.280000,,0.027906,other,excellent,True,False,10,0,10
standard-prompt,2025-07-20T13:09:08.580896,install,False,413845223808800829,"install app ""PUBG MOBILE""",0.000000,30.000000,10,3,0.000000,5,False,False,0.000000,False,0.931739,,5,0.000000,0.000000,0.000000,0.000000,,4,0.925615,0.106647,0.925615,0.106647,,0.931739,type,poor,True,False,10,0,10
standard-prompt,2025-07-20T13:09:08.580896,install,False,413845223808800829,"install app ""PUBG MOBILE""",0.000000,30.000000,10,3,0.000000,6,False,True,0.000000,False,0.141163,,4,0.900000,0.450000,0.900000,0.450000,,4,0.916817,0.309843,0.916817,0.309843,,0.141163,other,poor,True,False,10,0,10
standard-prompt,2025-07-20T13:09:08.580896,install,False,413845223808800829,"install app ""PUBG MOBILE""",0.000000,30.000000,10,3,0.000000,7,False,False,0.000000,False,0.967758,,5,0.000000,0.000000,0.000000,0.000000,,4,0.916817,0.309843,0.916817,0.309843,,0.967758,type,poor,True,False,10,0,10
standard-prompt,2025-07-20T13:09:08.580896,install,False,413845223808800829,"install app ""PUBG MOBILE""",0.000000,30.000000,10,3,0.000000,8,True,True,1.000000,False,0.067538,,4,0.850000,0.300000,0.850000,0.300000,,4,0.916817,0.309843,0.916817,0.309843,,0.067538,other,excellent,True,False,10,0,10
standard-prompt,2025-07-20T13:09:08.580896,install,False,413845223808800829,"install app ""PUBG MOBILE""",0.000000,30.000000,10,3,0.000000,9,False,True,0.000000,False,0.224293,,4,0.080000,0.500000,0.080000,0.500000,,4,0.045641,0.278354,0.045641,0.278354,,0.224293,other,poor,True,False,10,0,10
standard-prompt,2025-07-20T13:09:08.581015,install,False,5342819334904514845,"open app ""Flipkart Online Shopping App"" (install if not already installed), go to login, and select forgot password",0.000000,20.000000,10,2,0.000000,0,False,True,0.000000,False,0.191969,,4,0.350000,0.830000,0.350000,0.830000,,4,0.159177,0.850944,0.159177,0.850944,,0.191969,other,poor,True,False,10,0,10
standard-prompt,2025-07-20T13:09:08.581015,install,False,5342819334904514845,"open app ""Flipkart Online Shopping App"" (install if not already installed), go to login, and select forgot password",0.000000,20.000000,10,2,0.000000,1,False,True,0.000000,False,0.756855,,4,0.260000,0.850000,0.260000,0.850000,,4,0.934293,0.506258,0.934293,0.506258,,0.756855,other,poor,True,False,10,0,10
standard-prompt,2025-07-20T13:09:08.581015,install,False,5342819334904514845,"open app ""Flipkart Online Shopping App"" (install if not already installed), go to login, and select forgot password",0.000000,20.000000,10,2,0.000000,2,False,True,0.000000,False,0.233721,,4,0.750000,0.650000,0.750000,0.650000,,4,0.934293,0.506258,0.934293,0.506258,,0.233721,other,poor,True,False,10,0,10
standard-prompt,2025-07-20T13:09:08.581015,install,False,5342819334904514845,"open app ""Flipkart Online Shopping App"" (install if not already installed), go to login, and select forgot password",0.000000,20.000000,10,2,0.000000,3,False,True,0.000000,False,0.281999,,4,0.120000,0.500000,0.120000,0.500000,,4,0.060327,0.775613,0.060327,0.775613,,0.281999,other,poor,True,False,10,0,10
standard-prompt,2025-07-20T13:09:08.581015,install,False,5342819334904514845,"open app ""Flipkart Online Shopping App"" (install if not already installed), go to login, and select forgot password",0.000000,20.000000,10,2,0.000000,4,True,True,1.000000,False,0.073677,,4,0.130000,0.920000,0.130000,0.920000,,4,0.057877,0.904947,0.057877,0.904947,,0.073677,other,excellent,True,False,10,0,10
standard-prompt,2025-07-20T13:09:08.581015,install,False,5342819334904514845,"open app ""Flipkart Online Shopping App"" (install if not already installed), go to login, and select forgot password",0.000000,20.000000,10,2,0.000000,5,True,True,1.000000,False,,,3,0.000000,0.000000,0.000000,0.000000,flipkart,3,,,,,,,other,excellent,False,False,10,0,10
standard-prompt,2025-07-20T13:09:08.581015,install,False,5342819334904514845,"open app ""Flipkart Online Shopping App"" (install if not already installed), go to login, and select forgot password",0.000000,20.000000,10,2,0.000000,6,False,True,0.000000,False,0.195130,,4,0.240000,0.500000,0.240000,0.500000,,4,0.137201,0.334145,0.137201,0.334145,,0.195130,other,poor,True,False,10,0,10
standard-prompt,2025-07-20T13:09:08.581015,install,False,5342819334904514845,"open app ""Flipkart Online Shopping App"" (install if not already installed), go to login, and select forgot password",0.000000,20.000000,10,2,0.000000,7,False,True,0.000000,False,0.162318,,4,0.250000,0.900000,0.250000,0.900000,,4,0.164343,0.762123,0.164343,0.762123,,0.162318,other,poor,True,False,10,0,10
standard-prompt,2025-07-20T13:09:08.581015,install,False,5342819334904514845,"open app ""Flipkart Online Shopping App"" (install if not already installed), go to login, and select forgot password",0.000000,20.000000,10,2,0.000000,8,False,True,0.000000,False,0.169105,,4,0.300000,0.850000,0.300000,0.850000,,4,0.135755,0.809748,0.135755,0.809748,,0.169105,other,poor,True,False,10,0,10
standard-prompt,2025-07-20T13:09:08.581015,install,False,5342819334904514845,"open app ""Flipkart Online Shopping App"" (install if not already installed), go to login, and select forgot password",0.000000,20.000000,10,2,0.000000,9,False,True,0.000000,False,0.408724,,4,0.186111,0.438158,0.186111,0.438158,,4,0.461345,0.135996,0.461345,0.135996,,0.408724,other,poor,True,False,10,0,10
standard-prompt,2025-07-20T13:09:08.581141,install,False,12392813483097983868,"install app ""ColorNote Notepad Notes""",0.000000,0.000000,10,0,0.000000,0,False,True,0.000000,False,0.661968,,4,0.900000,0.500000,0.300000,0.500000,,4,0.238883,0.533558,0.229347,0.440877,,0.661968,other,poor,True,False,10,0,10
standard-prompt,2025-07-20T13:09:08.581141,install,False,12392813483097983868,"install app ""ColorNote Notepad Notes""",0.000000,0.000000,10,0,0.000000,1,False,True,0.000000,False,0.405824,,4,0.750000,0.170000,0.750000,0.170000,,4,0.652381,0.563909,0.121134,0.454570,,0.405824,other,poor,True,False,10,0,10
standard-prompt,2025-07-20T13:09:08.581141,install,False,12392813483097983868,"install app ""ColorNote Notepad Notes""",0.000000,0.000000,10,0,0.000000,2,False,True,0.000000,False,0.535432,,4,0.850000,0.120000,0.850000,0.120000,,4,0.518082,0.540140,0.280254,0.466514,,0.535432,other,poor,True,False,10,0,10
standard-prompt,2025-07-20T13:09:08.581141,install,False,12392813483097983868,"install app ""ColorNote Notepad Notes""",0.000000,0.000000,10,0,0.000000,3,False,True,0.000000,False,0.169713,,4,0.827778,0.673684,0.827778,0.673684,,4,0.795639,0.507042,0.283253,0.359552,,0.169713,other,poor,True,False,10,0,10
standard-prompt,2025-07-20T13:09:08.581141,install,False,12392813483097983868,"install app ""ColorNote Notepad Notes""",0.000000,0.000000,10,0,0.000000,4,False,True,0.000000,False,0.681090,,4,0.070000,0.500000,0.070000,0.500000,,4,0.633597,0.882416,0.633597,0.882416,,0.681090,other,poor,True,False,10,0,10
standard-prompt,2025-07-20T13:09:08.581141,install,False,12392813483097983868,"install app ""ColorNote Notepad Notes""",0.000000,0.000000,10,0,0.000000,5,False,False,0.000000,False,1.086325,,3,0.000000,0.000000,0.000000,0.000000,ColorNote Notepad Notes,4,0.633597,0.882416,0.632351,0.885047,,1.086325,other,poor,True,False,10,0,10
standard-prompt,2025-07-20T13:09:08.581141,install,False,12392813483097983868,"install app ""ColorNote Notepad Notes""",0.000000,0.000000,10,0,0.000000,6,False,True,0.000000,False,0.851644,,4,0.050000,0.900000,0.050000,0.900000,,4,0.060641,0.048423,0.060641,0.050925,,0.851644,other,poor,True,False,10,0,10
standard-prompt,2025-07-20T13:09:08.581141,install,False,12392813483097983868,"install app ""ColorNote Notepad Notes""",0.000000,0.000000,10,0,0.000000,7,False,True,0.000000,False,0.805324,,4,0.050000,0.850000,0.050000,0.850000,,4,0.062252,0.044769,0.062252,0.044769,,0.805324,other,poor,True,False,10,0,10
standard-prompt,2025-07-20T13:09:08.581141,install,False,12392813483097983868,"install app ""ColorNote Notepad Notes""",0.000000,0.000000,10,0,0.000000,8,False,True,0.000000,False,0.840758,,4,0.120000,0.880000,0.120000,0.880000,,4,0.048773,0.042264,0.107183,0.055032,,0.840758,other,poor,True,False,10,0,10
standard-prompt,2025-07-20T13:09:08.581141,install,False,12392813483097983868,"install app ""ColorNote Notepad Notes""",0.000000,0.000000,10,0,0.000000,9,False,True,0.000000,False,0.250709,,4,0.100000,0.500000,0.100000,0.500000,,4,0.067869,0.251359,0.067869,0.251359,,0.250709,other,poor,True,False,10,0,10
standard-prompt,2025-07-20T13:09:08.581263,single,False,14657544588259743067.301-332.Search for amazon,Search for amazon,100.000000,100.000000,1,1,100.000000,0,True,True,1.000000,True,,,10,0.000000,0.000000,0.000000,0.000000,,10,,,,,,,status,excellent,False,False,10,0,10
standard-prompt,2025-07-20T13:09:08.581280,single,False,14657544588259743067.332-376.Go to amazon.com,Go to amazon.com,100.000000,100.000000,1,1,100.000000,0,True,True,1.000000,True,,,10,0.000000,0.000000,0.000000,0.000000,,10,,,,,,,status,excellent,False,False,10,0,10
standard-prompt,2025-07-20T13:09:08.581298,single,False,3481882310895889519.671-698.Add to cart,Add to cart,0.000000,0.000000,1,0,0.000000,0,False,False,0.000000,False,,,4,0.780000,0.050000,0.780000,0.050000,,10,,,,,,,other,poor,False,False,10,0,10
standard-prompt,2025-07-20T13:09:08.581335,single,False,3481882310895889519.511-620.Go to lg ultragear,Go to lg ultragear,0.000000,0.000000,1,0,0.000000,0,False,False,0.000000,False,,,6,0.000000,0.000000,0.000000,0.000000,,10,,,,,,,navigation,poor,False,False,10,0,10
standard-prompt,2025-07-20T13:09:08.581353,single,False,14657544588259743067.376-408.Go to amazon search bar,Go to amazon search bar,0.000000,0.000000,1,0,0.000000,0,False,False,0.000000,False,,,4,0.200000,0.500000,0.200000,0.500000,,10,,,,,,,other,poor,False,False,10,0,10
standard-prompt,2025-07-20T13:09:08.581371,single,False,14657544588259743067.635-663.Go to the first search result item,Go to the first search result item,0.000000,0.000000,1,0,0.000000,0,False,False,0.000000,False,,,4,0.430000,0.500000,0.430000,0.500000,,10,,,,,,,other,poor,False,False,10,0,10
standard-prompt,2025-07-20T13:09:08.581389,single,False,3481882310895889519.400-620.Go to ebay search bar and search lg ultragear,Go to ebay search bar and search lg ultragear,0.000000,33.333333,3,1,0.000000,0,False,False,0.000000,False,,,4,0.110000,0.400000,0.110000,0.400000,,3,,,,,,,other,poor,False,False,10,0,10
standard-prompt,2025-07-20T13:09:08.581389,single,False,3481882310895889519.400-620.Go to ebay search bar and search lg ultragear,Go to ebay search bar and search lg ultragear,0.000000,33.333333,3,1,0.000000,1,False,True,0.000000,False,0.251054,,4,0.431900,0.896700,0.431900,0.896700,,4,0.182906,0.928798,0.182906,0.928798,,0.251054,other,poor,True,False,10,0,10
standard-prompt,2025-07-20T13:09:08.581389,single,False,3481882310895889519.400-620.Go to ebay search bar and search lg ultragear,Go to ebay search bar and search lg ultragear,0.000000,33.333333,3,1,0.000000,2,True,True,1.000000,True,,,10,0.000000,0.000000,0.000000,0.000000,,10,,,,,,,status,excellent,False,False,10,0,10
standard-prompt,2025-07-20T13:09:08.581427,single,False,"3481882310895889519.620-698.Open first result and go to cart section, then Add to cart","Open first result and go to cart section, then Add to cart",25.000000,50.000000,4,2,25.000000,0,True,True,1.000000,False,0.225812,,4,0.900000,0.500000,0.300000,0.500000,,4,0.720956,0.637601,0.307529,0.681687,,0.225812,other,excellent,True,False,10,0,10
standard-prompt,2025-07-20T13:09:08.581427,single,False,"3481882310895889519.620-698.Open first result and go to cart section, then Add to cart","Open first result and go to cart section, then Add to cart",25.000000,50.000000,4,2,25.000000,1,False,True,0.000000,False,0.520393,,4,0.391667,0.875000,0.391667,0.875000,,4,0.787859,0.537597,0.612152,0.538556,,0.520393,other,poor,True,False,10,0,10
standard-prompt,2025-07-20T13:09:08.581427,single,False,"3481882310895889519.620-698.Open first result and go to cart section, then Add to cart","Open first result and go to cart section, then Add to cart",25.000000,50.000000,4,2,25.000000,2,True,True,1.000000,False,0.030444,,4,0.700000,0.500000,0.700000,0.500000,,4,0.717458,0.524941,0.717458,0.524941,,0.030444,other,excellent,True,False,10,0,10
standard-prompt,2025-07-20T13:09:08.581427,single,False,"3481882310895889519.620-698.Open first result and go to cart section, then Add to cart","Open first result and go to cart section, then Add to cart",25.000000,50.000000,4,2,25.000000,3,False,False,0.000000,False,,,4,0.700000,0.500000,0.700000,0.500000,,10,,,,,,,other,poor,False,False,10,0,10
standard-prompt,2025-07-20T13:09:08.581480,single,False,3481882310895889519.154-400.go to google search bar and search & open ebay.com in chrome,go to google search bar and search & open ebay.com in chrome,33.333333,66.666667,6,4,33.333333,0,True,True,1.000000,False,0.070746,,4,0.162500,0.205263,0.162500,0.205263,,4,0.231934,0.218823,0.231934,0.218823,,0.070746,other,excellent,True,False,10,0,10
standard-prompt,2025-07-20T13:09:08.581480,single,False,3481882310895889519.154-400.go to google search bar and search & open ebay.com in chrome,go to google search bar and search & open ebay.com in chrome,33.333333,66.666667,6,4,33.333333,1,True,True,1.000000,False,,,3,0.000000,0.000000,0.000000,0.000000,ebay.com,3,,,,,,,other,excellent,False,False,10,0,10
standard-prompt,2025-07-20T13:09:08.581480,single,False,3481882310895889519.154-400.go to google search bar and search & open ebay.com in chrome,go to google search bar and search & open ebay.com in chrome,33.333333,66.666667,6,4,33.333333,2,False,True,0.000000,False,0.192071,,4,0.183333,0.148026,0.183333,0.148026,,4,0.200904,0.339292,0.200904,0.339292,,0.192071,other,poor,True,False,10,0,10
standard-prompt,2025-07-20T13:09:08.581480,single,False,3481882310895889519.154-400.go to google search bar and search & open ebay.com in chrome,go to google search bar and search & open ebay.com in chrome,33.333333,66.666667,6,4,33.333333,3,True,True,1.000000,False,0.138596,,4,0.780000,0.500000,0.780000,0.500000,,4,0.916238,0.474544,0.916238,0.474544,,0.138596,other,excellent,True,False,10,0,10
standard-prompt,2025-07-20T13:09:08.581480,single,False,3481882310895889519.154-400.go to google search bar and search & open ebay.com in chrome,go to google search bar and search & open ebay.com in chrome,33.333333,66.666667,6,4,33.333333,4,False,True,0.000000,False,0.726121,,4,0.930000,0.100000,0.930000,0.100000,,4,0.908290,0.825796,0.908290,0.825796,,0.726121,other,poor,True,False,10,0,10
standard-prompt,2025-07-20T13:09:08.581480,single,False,3481882310895889519.154-400.go to google search bar and search & open ebay.com in chrome,go to google search bar and search & open ebay.com in chrome,33.333333,66.666667,6,4,33.333333,5,True,True,1.000000,True,,,10,0.000000,0.000000,0.000000,0.000000,,10,,,,,,,status,excellent,False,False,10,0,10
standard-prompt,2025-07-20T13:09:08.581555,single,False,14657544588259743067.376-531.Go to amazon search bar and search for razer huntsman ,Go to amazon search bar and search for razer huntsman ,0.000000,50.000000,4,2,0.000000,0,False,False,0.000000,False,,,4,0.180000,0.500000,0.180000,0.500000,,3,,,,,,,other,poor,False,False,10,0,10
standard-prompt,2025-07-20T13:09:08.581555,single,False,14657544588259743067.376-531.Go to amazon search bar and search for razer huntsman ,Go to amazon search bar and search for razer huntsman ,0.000000,50.000000,4,2,0.000000,1,False,False,0.000000,False,,,4,0.180000,0.900000,0.180000,0.900000,,3,,,,,,,other,poor,False,False,10,0,10
standard-prompt,2025-07-20T13:09:08.581555,single,False,14657544588259743067.376-531.Go to amazon search bar and search for razer huntsman ,Go to amazon search bar and search for razer huntsman ,0.000000,50.000000,4,2,0.000000,2,True,True,1.000000,False,0.156240,,4,0.220000,0.400000,0.220000,0.400000,,4,0.210198,0.244068,0.210198,0.244068,,0.156240,other,excellent,True,False,10,0,10
standard-prompt,2025-07-20T13:09:08.581555,single,False,14657544588259743067.376-531.Go to amazon search bar and search for razer huntsman ,Go to amazon search bar and search for razer huntsman ,0.000000,50.000000,4,2,0.000000,3,True,True,1.000000,True,,,10,0.000000,0.000000,0.000000,0.000000,,10,,,,,,,status,excellent,False,False,10,0,10
